City_ID,City,Lat,Lng,Max Temp,Humidity,Cloudiness,Wind Speed,Country,Date
0,Rikitea,-23.1203,-134.9692,77.45,71,25,0.98,PF,2021-01-16 14:48:03
1,Kapaa,22.0752,-159.319,69.8,100,75,5.75,US,2021-01-16 14:48:03
2,Usinsk,65.9939,57.5281,-15.43,86,0,7.05,RU,2021-01-16 14:48:03
3,Cockburn Town,21.4612,-71.1419,80.6,74,40,6.91,TC,2021-01-16 14:48:03
4,Acarau,-2.8856,-40.12,87.98,54,34,16.15,BR,2021-01-16 14:48:03
5,Atuona,-9.8,-139.0333,77.45,77,1,13.27,PF,2021-01-16 14:48:03
6,Porto Novo,6.4965,2.6036,86.0,74,40,12.66,BJ,2021-01-16 14:48:03
7,Iqaluit,63.7506,-68.5145,17.6,86,90,17.27,CA,2021-01-16 14:48:04
8,Kaitangata,-46.2817,169.8464,57.07,94,97,7.87,NZ,2021-01-16 14:48:04
9,Provideniya,64.3833,-173.3,-1.46,85,100,10.27,RU,2021-01-16 14:48:04
10,Bureya,49.8133,129.8131,-16.53,89,98,5.03,RU,2021-01-16 14:48:04
11,New Norfolk,-42.7826,147.0587,50.0,67,25,1.01,AU,2021-01-16 14:48:04
12,Georgetown,5.4112,100.3354,80.6,88,20,5.75,MY,2021-01-16 14:44:20
13,Portland,45.5234,-122.6762,44.6,87,90,6.91,US,2021-01-16 14:43:56
14,Masindi,1.6744,31.715,75.11,55,79,5.1,UG,2021-01-16 14:48:04
15,Tete,-16.1564,33.5867,93.2,55,40,3.44,MZ,2021-01-16 14:48:05
16,Orhei,47.3831,28.8231,21.2,58,0,10.36,MD,2021-01-16 14:48:05
17,Krasnoselkup,65.7,82.4667,-9.06,89,99,19.01,RU,2021-01-16 14:48:05
18,Saint-Philippe,-21.3585,55.7679,84.2,79,20,14.97,RE,2021-01-16 14:48:05
19,Half Moon Bay,37.4636,-122.4286,53.01,100,90,8.05,US,2021-01-16 14:48:05
20,Longyearbyen,78.2186,15.6401,17.6,79,75,4.61,SJ,2021-01-16 14:48:05
21,Busselton,-33.65,115.3333,66.99,57,0,7.0,AU,2021-01-16 14:48:05
22,Shatalovo,54.334,32.4465,-0.54,93,100,7.43,RU,2021-01-16 14:48:05
23,Cambui,-22.6122,-46.0575,76.24,69,64,6.46,BR,2021-01-16 14:48:05
24,Alta Floresta,-9.8756,-56.0861,84.2,74,75,4.61,BR,2021-01-16 14:48:06
25,Bengkulu,-3.8004,102.2655,78.76,77,100,1.61,ID,2021-01-16 14:48:06
26,Sarakhs,36.5449,61.1577,60.8,36,0,5.84,IR,2021-01-16 14:48:06
27,Clyde River,70.4692,-68.5914,3.2,92,90,5.75,CA,2021-01-16 14:48:06
28,Ushuaia,-54.8,-68.3,57.2,67,75,3.44,AR,2021-01-16 14:48:06
29,The Valley,18.217,-63.0578,82.4,65,20,13.8,AI,2021-01-16 14:48:06
30,Catamarca,-28.4696,-65.7852,75.0,82,11,5.01,AR,2021-01-16 14:43:38
31,Jamestown,42.097,-79.2353,28.99,100,90,3.76,US,2021-01-16 14:48:07
32,Chuy,-33.6971,-53.4616,77.31,85,89,11.45,UY,2021-01-16 14:48:07
33,Muli,2.9167,73.5667,82.02,72,73,8.46,MV,2021-01-16 14:48:07
34,Hilo,19.7297,-155.09,68.0,64,40,8.05,US,2021-01-16 14:48:07
35,Grindavik,63.8424,-22.4338,37.4,93,90,28.77,IS,2021-01-16 14:48:07
36,Dakar,14.6937,-17.4441,73.4,43,99,13.8,SN,2021-01-16 14:43:36
37,Cabo San Lucas,22.8909,-109.9124,57.99,26,40,10.36,MX,2021-01-16 14:45:46
38,Sioux Lookout,50.1001,-91.917,12.2,85,90,3.44,CA,2021-01-16 14:48:07
39,Coihaique,-45.5752,-72.0662,62.6,63,40,4.61,CL,2021-01-16 14:48:03
40,Bambous Virieux,-20.3428,57.7575,82.4,83,40,11.5,MU,2021-01-16 14:48:08
41,Qaanaaq,77.484,-69.3632,6.58,92,99,1.05,GL,2021-01-16 14:48:08
42,Kodiak,57.79,-152.4072,39.2,93,90,34.52,US,2021-01-16 14:48:08
43,Bredasdorp,-34.5322,20.0403,82.4,34,0,19.57,ZA,2021-01-16 14:48:08
44,Ribeira Grande,38.5167,-28.7,60.8,82,40,8.05,PT,2021-01-16 14:48:08
45,Bembereke,10.2283,2.6634,95.16,9,37,4.65,BJ,2021-01-16 14:48:08
46,Mahebourg,-20.4081,57.7,82.4,83,40,11.5,MU,2021-01-16 14:48:08
47,Ejea De Los Caballeros,42.1263,-1.1372,57.99,41,3,18.41,ES,2021-01-16 14:48:09
48,Paralimni,35.0375,33.9833,60.8,82,75,20.71,CY,2021-01-16 14:48:09
49,Bluff,-46.6,168.3333,63.0,88,99,4.0,NZ,2021-01-16 14:48:09
50,Katangi,23.45,79.7833,66.2,34,0,4.61,IN,2021-01-16 14:48:09
51,Maputo,-25.9653,32.5892,100.4,47,75,14.97,MZ,2021-01-16 14:48:09
52,Libenge,3.65,18.6333,97.75,22,85,0.96,CD,2021-01-16 14:48:09
53,Touros,-5.1989,-35.4608,86.0,54,75,17.27,BR,2021-01-16 14:48:09
54,Russell,32.3502,-85.1999,39.0,52,1,6.91,US,2021-01-16 14:45:08
55,Tilichiki,60.4667,166.1,-25.4,85,0,7.47,RU,2021-01-16 14:48:10
56,Tasiilaq,65.6145,-37.6368,32.0,86,75,16.11,GL,2021-01-16 14:48:10
57,Nikolskoye,59.7035,30.7861,7.0,85,75,6.71,RU,2021-01-16 14:48:10
58,Timizart,36.8,4.2667,48.56,75,81,6.96,DZ,2021-01-16 14:48:10
59,Aswan,24.0934,32.907,68.47,25,0,4.76,EG,2021-01-16 14:48:10
60,Saskylakh,71.9167,114.0833,-9.83,89,100,8.48,RU,2021-01-16 14:48:10
61,Petrovac,44.3769,21.4192,27.0,78,94,3.0,RS,2021-01-16 14:48:10
62,East London,-33.0153,27.9116,73.4,64,20,28.77,ZA,2021-01-16 14:48:11
63,Yellowknife,62.456,-114.3525,1.4,78,90,9.22,CA,2021-01-16 14:48:11
64,Canutama,-6.5339,-64.3831,84.65,72,76,3.58,BR,2021-01-16 14:48:11
65,Opuwo,-18.0607,13.84,88.54,16,4,11.36,NA,2021-01-16 14:48:11
66,Hermanus,-34.4187,19.2345,72.0,67,8,1.99,ZA,2021-01-16 14:43:22
67,Cape Town,-33.9258,18.4232,78.01,53,40,13.8,ZA,2021-01-16 14:46:39
68,Carnarvon,-24.8667,113.6333,80.6,89,17,8.05,AU,2021-01-16 14:48:11
69,Lata,40.1629,-8.3327,61.0,66,0,1.01,PT,2021-01-16 14:48:12
70,Honiara,-9.4333,159.95,77.38,81,100,2.39,SB,2021-01-16 14:48:12
71,Perth,-31.9333,115.8333,82.0,17,0,21.85,AU,2021-01-16 14:45:08
72,Arraial Do Cabo,-22.9661,-42.0278,86.0,61,20,24.16,BR,2021-01-16 14:48:12
73,Avarua,-21.2078,-159.775,73.4,94,20,4.61,CK,2021-01-16 14:48:12
74,Diamantino,-14.4086,-56.4461,73.98,91,100,3.76,BR,2021-01-16 14:48:12
75,Pevek,69.7008,170.3133,-17.77,84,49,5.14,RU,2021-01-16 14:45:04
76,Port Keats,-14.25,129.55,82.63,81,94,2.8,AU,2021-01-16 14:48:13
77,Norman Wells,65.282,-126.8329,-4.0,84,75,2.3,CA,2021-01-16 14:48:13
78,Tazovskiy,67.4667,78.7,-11.6,90,100,17.07,RU,2021-01-16 14:48:13
79,Mehamn,71.0357,27.8492,37.4,75,40,11.5,NO,2021-01-16 14:48:13
80,Torbay,47.6666,-52.7314,33.01,93,90,33.38,CA,2021-01-16 14:48:13
81,Along,28.1667,94.7667,55.35,79,7,1.88,IN,2021-01-16 14:48:13
82,Alofi,-19.0595,-169.9187,75.2,100,99,2.3,NU,2021-01-16 14:48:14
83,Nemuro,43.3236,145.575,24.87,90,27,20.98,JP,2021-01-16 14:48:14
84,Airai,-8.9266,125.4092,63.57,100,100,0.63,TL,2021-01-16 14:48:14
85,Paro,27.4305,89.4133,45.61,63,90,1.07,BT,2021-01-16 14:48:14
86,Nanortalik,60.1432,-45.2371,25.07,95,93,5.75,GL,2021-01-16 14:48:14
87,Messina,38.1933,15.5497,55.4,33,40,6.91,IT,2021-01-16 14:48:14
88,Cherskiy,68.75,161.3,-20.63,87,100,4.09,RU,2021-01-16 14:48:14
89,Port Alfred,-33.5906,26.891,72.0,78,0,10.0,ZA,2021-01-16 14:48:15
90,Kavieng,-2.5744,150.7967,83.14,79,93,16.46,PG,2021-01-16 14:48:15
91,Korla,41.7597,86.1469,20.68,81,0,7.67,CN,2021-01-16 14:48:15
92,Seoul,37.5683,126.9778,19.4,57,0,6.91,KR,2021-01-16 14:47:07
93,Broken Hill,-31.95,141.4333,68.0,30,50,11.5,AU,2021-01-16 14:48:15
94,Albany,42.6001,-73.9662,35.01,89,100,5.03,US,2021-01-16 14:45:19
95,Mataura,-46.1927,168.8643,63.0,88,100,4.0,NZ,2021-01-16 14:48:16
96,Rioja,-29.4111,-66.8507,74.5,61,29,24.05,AR,2021-01-16 14:48:16
97,Yulara,-25.2406,130.9889,69.8,60,90,5.75,AU,2021-01-16 14:48:16
98,Mount Isa,-20.7333,139.5,87.8,11,0,16.11,AU,2021-01-16 14:48:16
99,Isiro,2.7739,27.616,84.45,43,91,0.45,CD,2021-01-16 14:48:16
100,Souillac,-20.5167,57.5167,82.4,83,40,11.5,MU,2021-01-16 14:48:16
101,Caravelas,-17.7125,-39.2481,84.69,56,4,10.92,BR,2021-01-16 14:48:16
102,Punta Arenas,-53.15,-70.9167,60.8,59,90,13.8,CL,2021-01-16 14:48:17
103,Laukaa,58.7372,29.8453,3.09,93,100,6.33,RU,2021-01-16 14:48:17
104,San Patricio,28.017,-97.5169,41.0,75,20,3.44,US,2021-01-16 14:48:17
105,Sobolevo,54.4299,31.8996,-1.1,92,100,7.43,RU,2021-01-16 14:48:17
106,Puerto Ayora,-0.7393,-90.3518,77.0,83,75,4.61,EC,2021-01-16 14:48:17
107,Kibala,9.1104,18.3463,98.6,12,0,9.22,TD,2021-01-16 14:48:17
108,Olafsvik,64.8945,-23.7142,36.7,95,100,23.22,IS,2021-01-16 14:48:17
109,Santa Maria,-29.6842,-53.8069,80.6,78,75,6.91,BR,2021-01-16 14:48:18
110,Upernavik,72.7868,-56.1549,11.98,92,18,4.56,GL,2021-01-16 14:48:18
111,Berlevag,70.8578,29.0864,37.4,75,40,11.5,NO,2021-01-16 14:48:18
112,Thompson,55.7435,-97.8558,12.2,92,90,5.75,CA,2021-01-16 14:48:18
113,Luderitz,-26.6481,15.1594,71.28,58,0,24.14,NA,2021-01-16 14:48:18
114,Butaritari,3.0707,172.7902,80.96,80,69,20.71,KI,2021-01-16 14:48:18
115,Adrar,20.5022,-10.0711,71.76,14,100,19.48,MR,2021-01-16 14:48:18
116,Udankudi,8.4333,78.0167,78.44,85,100,11.99,IN,2021-01-16 14:48:19
117,Ilulissat,69.2167,-51.1,12.2,52,20,10.36,GL,2021-01-16 14:48:19
118,Itamarandiba,-17.8572,-42.8589,74.1,70,100,3.8,BR,2021-01-16 14:48:19
119,Hornepayne,49.2138,-84.7705,17.08,96,100,10.56,CA,2021-01-16 14:48:19
120,Nuuk,64.1835,-51.7216,23.0,74,20,9.22,GL,2021-01-16 14:47:42
121,Esperance,-33.8667,121.9,57.2,67,0,11.5,AU,2021-01-16 14:48:19
122,Tuktoyaktuk,69.4541,-133.0374,-5.8,84,90,11.5,CA,2021-01-16 14:48:19
123,Winburg,-28.518,27.0093,82.09,31,0,15.82,ZA,2021-01-16 14:48:19
124,Mantenopolis,-18.8625,-41.1228,77.54,79,100,7.85,BR,2021-01-16 14:48:20
125,Gazanjyk,39.2446,55.5154,50.67,67,5,12.88,TM,2021-01-16 14:44:21
126,Kavaratti,10.5669,72.642,82.27,77,10,9.42,IN,2021-01-16 14:48:20
127,Sant Feliu De Guixols,41.7833,3.0333,55.0,68,6,3.6,ES,2021-01-16 14:48:20
128,Shaoyang,27.2315,111.4525,44.4,59,94,12.59,CN,2021-01-16 14:48:20
129,Palmer,42.1584,-72.3287,42.01,100,90,10.36,US,2021-01-16 14:48:20
130,Sola,-13.8833,167.55,82.15,72,100,3.53,VU,2021-01-16 14:48:20
131,Vanavara,60.34,102.2797,-44.3,76,25,2.1,RU,2021-01-16 14:48:20
132,Rio Gallegos,-51.6226,-69.2181,64.4,59,75,5.75,AR,2021-01-16 14:47:48
133,Mar Del Plata,-38.0023,-57.5575,80.6,69,75,5.75,AR,2021-01-16 14:43:24
134,Jaguarao,-32.5661,-53.3758,85.48,62,65,14.23,BR,2021-01-16 14:48:21
135,Itarema,-2.9248,-39.9167,88.07,54,31,16.04,BR,2021-01-16 14:48:21
136,Kapoeta,4.7717,33.5903,91.9,25,94,4.63,SS,2021-01-16 14:48:21
137,Cidreira,-30.1811,-50.2056,77.7,80,100,11.43,BR,2021-01-16 14:48:21
138,Riyadh,24.6877,46.7219,73.4,31,0,6.91,SA,2021-01-16 14:48:21
139,Udachnyy,66.4167,112.4,-35.12,80,100,12.3,RU,2021-01-16 14:48:21
140,Kamenka,51.3223,42.7678,10.0,88,100,17.47,RU,2021-01-16 14:48:21
141,Faanui,-16.4833,-151.75,81.25,73,12,10.27,PF,2021-01-16 14:48:22
142,Hobart,-42.8794,147.3294,51.8,50,37,16.11,AU,2021-01-16 14:43:58
143,Dikson,73.5069,80.5464,-31.79,79,17,8.52,RU,2021-01-16 14:48:22
144,Ikare,7.4913,5.2322,98.08,16,36,2.33,NG,2021-01-16 14:48:22
145,Bethel,41.3712,-73.414,39.0,100,90,4.61,US,2021-01-16 14:48:22
146,Yaya,56.206,86.44,9.93,90,100,13.09,RU,2021-01-16 14:48:22
147,Biggar,55.6167,-3.5167,46.0,10,96,10.0,GB,2021-01-16 14:48:22
148,Lebu,-37.6167,-73.65,60.4,61,0,19.13,CL,2021-01-16 14:48:22
149,Sambava,-14.2667,50.1667,81.95,72,8,6.64,MG,2021-01-16 14:48:22
150,Belaya Gora,68.5333,146.4167,-22.29,87,100,1.83,RU,2021-01-16 14:48:23
151,El Tigre,8.8875,-64.2454,81.28,59,56,12.1,VE,2021-01-16 14:46:46
152,San Pedro,14.35,121.0167,78.8,78,75,8.05,PH,2021-01-16 14:48:23
153,Gat,31.61,34.7642,62.01,56,0,7.81,IL,2021-01-16 14:48:23
154,Doka,13.5167,35.7667,90.55,17,0,8.32,SD,2021-01-16 14:48:23
155,Ancud,-41.8697,-73.8203,66.99,67,20,8.05,CL,2021-01-16 14:48:23
156,Cayenne,4.9333,-52.3333,84.2,70,90,14.97,GF,2021-01-16 14:48:23
157,San Rafael,-34.6177,-68.3301,69.58,26,2,17.16,AR,2021-01-16 14:48:24
158,Beisfjord,68.3751,17.5988,35.6,87,90,5.75,NO,2021-01-16 14:48:24
159,Pizarro,4.9533,-77.366,76.96,91,99,5.93,CO,2021-01-16 14:48:24
160,Winnemucca,40.973,-117.7357,24.8,86,1,5.75,US,2021-01-16 14:48:24
161,Severo-Kurilsk,50.6789,156.125,24.46,96,100,8.34,RU,2021-01-16 14:48:24
162,Qui Nhon,13.7667,109.2333,68.95,87,50,7.63,VN,2021-01-16 14:47:15
163,Constitucion,-35.3333,-72.4167,66.96,43,0,15.17,CL,2021-01-16 14:48:24
164,Ishigaki,24.3448,124.1572,64.47,82,100,31.12,JP,2021-01-16 14:48:25
165,Luorong,24.4058,109.6086,58.17,37,95,18.63,CN,2021-01-16 14:48:25
166,Bonthe,7.5264,-12.505,88.21,49,94,8.14,SL,2021-01-16 14:48:25
167,Port-Gentil,-0.7193,8.7815,86.0,74,40,11.5,GA,2021-01-16 14:48:25
168,San Quintin,30.4833,-115.95,58.98,41,0,1.19,MX,2021-01-16 14:46:11
169,Fillmore,43.6666,-92.1002,32.0,93,90,10.36,US,2021-01-16 14:48:25
170,Dubbo,-32.25,148.6167,62.6,39,42,8.05,AU,2021-01-16 14:48:25
171,Ponta Do Sol,32.6667,-17.1,63.0,60,97,5.99,PT,2021-01-16 14:48:26
172,Vestmannaeyjar,63.4427,-20.2734,39.2,87,90,23.02,IS,2021-01-16 14:48:26
173,Necochea,-38.5473,-58.7368,68.0,75,56,19.8,AR,2021-01-16 14:48:26
174,Havre-Saint-Pierre,50.2334,-63.5986,24.8,86,90,8.05,CA,2021-01-16 14:48:26
175,Kutum,14.2,24.6667,80.94,13,0,6.73,SD,2021-01-16 14:48:26
176,Namatanai,-3.6667,152.4333,80.64,82,55,12.46,PG,2021-01-16 14:48:26
177,Linhares,-19.3911,-40.0722,84.96,57,99,8.66,BR,2021-01-16 14:48:26
178,Chapais,49.7834,-74.8492,23.0,93,90,8.05,CA,2021-01-16 14:47:43
179,Havoysund,70.9963,24.6622,35.6,87,75,10.36,NO,2021-01-16 14:48:27
180,Dubinino,55.6192,89.0911,12.13,89,100,4.03,RU,2021-01-16 14:48:27
181,Asau,46.4333,26.4,19.4,79,75,9.22,RO,2021-01-16 14:48:27
182,Port Elizabeth,-33.918,25.5701,75.2,60,0,37.98,ZA,2021-01-16 14:48:14
183,Bestobe,52.4994,73.0975,15.71,90,100,10.04,KZ,2021-01-16 14:48:27
184,Fairbanks,64.8378,-147.7164,7.0,84,1,3.42,US,2021-01-16 14:48:27
185,Castro,-24.7911,-50.0119,76.35,69,98,9.15,BR,2021-01-16 14:48:27
186,Isangel,-19.55,169.2667,80.87,77,100,5.12,VU,2021-01-16 14:48:27
187,Gweru,-19.45,29.8167,75.96,73,96,6.02,ZW,2021-01-16 14:48:27
188,Romny,50.751,33.4747,7.52,93,100,6.98,UA,2021-01-16 14:48:28
189,Bojnurd,37.4747,57.329,53.6,19,0,9.22,IR,2021-01-16 14:48:28
190,Strathmore,51.0501,-113.3852,28.4,54,1,10.36,CA,2021-01-16 14:45:07
191,Talnakh,69.4865,88.3972,-27.89,72,0,6.53,RU,2021-01-16 14:48:28
192,Banff,51.1762,-115.5698,32.0,68,100,4.61,CA,2021-01-16 14:44:19
193,Stillwater,36.1156,-97.0584,30.0,74,1,4.61,US,2021-01-16 14:48:28
194,Santiago Del Estero,-27.7951,-64.2615,79.0,76,100,7.0,AR,2021-01-16 14:48:28
195,Oktyabrskiy,54.4815,53.471,14.07,94,100,16.49,RU,2021-01-16 14:48:28
196,Sitka,57.0531,-135.33,44.6,65,90,13.8,US,2021-01-16 14:48:29
197,Ziro,27.6333,93.8333,57.2,94,20,3.44,IN,2021-01-16 14:48:29
198,Vaini,-21.2,-175.2,77.0,100,75,4.61,TO,2021-01-16 14:48:29
199,Hambantota,6.1241,81.1185,77.0,100,40,3.44,LK,2021-01-16 14:48:29
200,Leshukonskoye,64.8989,45.7622,-15.66,87,0,2.21,RU,2021-01-16 14:48:29
201,Katsuura,35.1333,140.3,46.99,53,75,21.85,JP,2021-01-16 14:48:29
202,Ust-Nera,64.5667,143.2,-27.4,76,100,2.64,RU,2021-01-16 14:48:29
203,Sorong,-0.8833,131.25,78.58,89,100,11.83,ID,2021-01-16 14:48:29
204,Varnavino,57.4035,45.0916,9.07,96,100,7.99,RU,2021-01-16 14:48:29
205,Puerto Colombia,10.9878,-74.9547,78.8,83,40,4.61,CO,2021-01-16 14:48:30
206,Kiunga,-6.1219,141.2906,74.66,98,100,3.02,PG,2021-01-16 14:48:30
207,Saint Pete Beach,27.7253,-82.7412,59.0,15,55,22.77,US,2021-01-16 14:48:30
208,Barrow,71.2906,-156.7887,-2.2,78,90,18.41,US,2021-01-16 14:48:30
209,Veraval,20.9,70.3667,72.07,61,0,10.54,IN,2021-01-16 14:48:30
210,Were Ilu,10.6,39.4333,59.99,48,6,10.29,ET,2021-01-16 14:48:30
211,Tessalit,20.1986,1.0114,74.84,14,85,14.99,ML,2021-01-16 14:48:30
212,Fez,34.0372,-4.9998,57.2,62,0,2.3,MA,2021-01-16 14:48:31
213,Eyl,7.9803,49.8164,76.24,72,90,19.01,SO,2021-01-16 14:48:31
214,Kloulklubed,7.0419,134.2556,77.0,94,75,3.44,PW,2021-01-16 14:48:31
215,Fiditi,7.7136,3.9172,98.78,16,2,1.48,NG,2021-01-16 14:48:31
216,Naze,28.3667,129.4833,55.74,74,0,26.28,JP,2021-01-16 14:48:31
217,Kanungu,-0.9575,29.7897,65.08,82,81,2.59,UG,2021-01-16 14:48:31
218,Terrace Bay,48.7834,-87.1,23.0,86,90,11.5,CA,2021-01-16 14:48:31
219,Baykit,61.67,96.37,-26.66,79,100,3.15,RU,2021-01-16 14:48:32
220,Solnechnyy,50.7214,136.6319,-13.49,86,26,2.98,RU,2021-01-16 14:48:32
221,Khatanga,71.9667,102.5,-26.77,85,94,3.8,RU,2021-01-16 14:48:32
222,Genhe,50.7833,121.5167,-22.86,85,99,2.26,CN,2021-01-16 14:48:32
223,Dingle,10.9995,122.6711,75.06,90,100,11.52,PH,2021-01-16 14:48:32
224,Usvyaty,55.7456,30.7533,1.87,93,100,6.62,RU,2021-01-16 14:48:32
225,Hun,29.1268,15.9477,61.23,32,0,10.0,LY,2021-01-16 14:48:32
226,Nouna,12.7333,-3.8667,95.45,9,89,13.27,BF,2021-01-16 14:48:32
227,Uppsala,60.0,17.75,28.99,93,90,4.61,SE,2021-01-16 14:48:33
228,Husavik,66.0449,-17.3389,35.6,93,90,5.75,IS,2021-01-16 14:48:33
229,Beruwala,6.4788,79.9828,77.83,83,99,4.99,LK,2021-01-16 14:48:33
230,Hualmay,-11.0964,-77.6139,74.43,72,52,9.01,PE,2021-01-16 14:48:33
231,Richards Bay,-28.783,32.0377,79.3,70,20,13.47,ZA,2021-01-16 14:48:33
232,Pangnirtung,66.1451,-65.7125,12.69,91,100,6.49,CA,2021-01-16 14:48:33
233,Linqiong,30.4159,103.4609,46.99,70,75,6.71,CN,2021-01-16 14:48:33
234,Sauda,59.6506,6.3542,32.0,77,82,8.01,NO,2021-01-16 14:48:33
235,Lokosovo,61.1333,74.8167,1.38,94,100,3.96,RU,2021-01-16 14:48:34
236,Hithadhoo,-0.6,73.0833,82.04,75,100,11.27,MV,2021-01-16 14:48:34
237,Coquimbo,-29.9533,-71.3436,64.4,72,20,10.36,CL,2021-01-16 14:48:34
238,Lagoa,39.05,-27.9833,59.88,83,100,7.23,PT,2021-01-16 14:48:34
239,Atambua,-9.1061,124.8925,75.9,84,100,2.3,ID,2021-01-16 14:48:34
240,Caiaponia,-16.9567,-51.8103,72.14,89,94,8.39,BR,2021-01-16 14:48:34
241,Xai-Xai,-25.0519,33.6442,96.67,44,16,8.12,MZ,2021-01-16 14:48:35
242,Muros,42.7762,-9.0603,54.0,80,39,5.99,ES,2021-01-16 14:48:35
243,Zyryanskoye,56.8306,86.6258,7.18,91,97,9.44,RU,2021-01-16 14:48:35
244,Hailar,49.2,119.7,-10.23,88,86,8.93,CN,2021-01-16 14:48:35
245,Zhanakorgan,43.9098,67.2495,34.16,87,92,4.83,KZ,2021-01-16 14:48:35
246,Tuatapere,-46.1333,167.6833,63.0,88,100,4.0,NZ,2021-01-16 14:48:35
247,Umm Lajj,25.0213,37.2685,71.46,47,0,7.58,SA,2021-01-16 14:48:35
248,Kalmunai,7.4167,81.8167,78.06,80,53,3.13,LK,2021-01-16 14:48:36
249,Camaguey,21.3808,-77.9169,75.2,88,20,4.61,CU,2021-01-16 14:48:36
250,Banjarmasin,-3.3244,114.591,75.2,94,75,3.44,ID,2021-01-16 14:48:36
251,Itoman,26.1247,127.6694,60.8,94,75,14.97,JP,2021-01-16 14:48:36
252,Suez,29.9737,32.5263,64.08,40,0,8.63,EG,2021-01-16 14:48:36
253,Paamiut,61.994,-49.6678,24.55,94,82,12.24,GL,2021-01-16 14:48:36
254,Quatre Cocos,-20.2078,57.7625,82.4,83,40,11.5,MU,2021-01-16 14:48:37
255,Guerrero Negro,27.9769,-114.0611,57.58,37,0,2.01,MX,2021-01-16 14:48:37
256,Herouville-Saint-Clair,49.2109,-0.3065,44.6,100,90,14.97,FR,2021-01-16 14:48:37
257,Goderich,43.7501,-81.7165,32.0,86,49,3.44,CA,2021-01-16 14:48:37
258,Gao,16.6362,1.637,89.15,11,0,7.78,ML,2021-01-16 14:43:41
259,Yumen,40.2833,97.2,16.11,77,0,22.88,CN,2021-01-16 14:48:37
260,Ferkessedougou,9.6,-5.2,97.23,8,79,5.5,CI,2021-01-16 14:48:37
261,Mubi,10.2676,13.2644,93.02,11,0,6.11,NG,2021-01-16 14:48:38
262,Salinas,36.6777,-121.6555,52.0,71,1,5.75,US,2021-01-16 14:48:38
263,Sinnamary,5.3833,-52.95,80.85,74,100,13.27,GF,2021-01-16 14:48:38
264,Aasiaat,68.7098,-52.8699,4.5,86,8,10.8,GL,2021-01-16 14:48:38
265,Barra Do Garcas,-15.89,-52.2567,82.4,69,75,1.14,BR,2021-01-16 14:48:38
266,Gornozavodsk,58.3758,58.3211,7.29,94,100,10.13,RU,2021-01-16 14:48:38
267,Kieta,-6.2167,155.6333,79.47,78,84,4.07,PG,2021-01-16 14:48:38
268,Lasa,46.6166,10.7002,34.0,54,0,8.05,IT,2021-01-16 14:48:38
269,Waingapu,-9.6567,120.2641,77.45,85,100,5.66,ID,2021-01-16 14:48:39
270,Rorvik,64.8621,11.2373,30.51,93,0,9.66,NO,2021-01-16 14:48:39
271,Naryan-Mar,67.6713,53.087,-15.61,80,0,4.32,RU,2021-01-16 14:48:39
272,Bac Lieu,9.285,105.7244,74.35,83,95,12.39,VN,2021-01-16 14:48:39
273,Charyshskoye,51.3978,83.5598,22.19,82,100,4.23,RU,2021-01-16 14:48:39
274,Iskateley,67.6803,53.1512,-15.83,80,0,4.32,RU,2021-01-16 14:48:39
275,Rocha,-34.4833,-54.3333,83.28,59,62,10.83,UY,2021-01-16 14:48:40
276,Rosetta,31.4044,30.4164,66.2,55,20,17.27,EG,2021-01-16 14:48:40
277,Winslow,35.0242,-110.6974,26.6,33,20,5.75,US,2021-01-16 14:48:40
278,Bellevue,47.6104,-122.2007,42.01,100,40,1.83,US,2021-01-16 14:44:29
279,Rio Grande City,26.3798,-98.8203,57.99,65,1,3.44,US,2021-01-16 14:48:40
280,Tungor,53.3808,142.9564,-19.01,88,37,9.86,RU,2021-01-16 14:48:40
281,Muzhi,65.3667,64.6667,-10.97,90,84,3.98,RU,2021-01-16 14:48:40
282,Santa Cruz Cabralia,-16.2781,-39.0247,82.4,65,40,10.36,BR,2021-01-16 14:48:40
283,College,64.8569,-147.8028,7.0,78,1,3.67,US,2021-01-16 14:48:41
284,Chuncheng,22.1731,111.7886,64.6,60,99,1.05,CN,2021-01-16 14:48:41
285,Carutapera,-1.195,-46.02,85.6,62,88,8.5,BR,2021-01-16 14:48:41
286,Chadiza,-14.0678,32.4392,76.39,81,78,2.51,ZM,2021-01-16 14:48:41
287,Claveria,18.6074,121.0832,72.18,82,31,8.86,PH,2021-01-16 14:48:41
288,Sabang,5.8933,95.3214,78.35,84,96,10.83,ID,2021-01-16 14:48:41
289,Meulaboh,4.1363,96.1285,76.77,86,100,3.27,ID,2021-01-16 14:48:42
290,Adigeni,41.6819,42.6987,46.4,76,90,25.32,GE,2021-01-16 14:48:42
291,Simao,22.7886,100.9748,52.83,93,95,2.3,CN,2021-01-16 14:48:42
292,Anamur,36.0751,32.8369,57.2,94,75,2.39,TR,2021-01-16 14:48:41
293,Pouembout,-21.1333,164.9,78.04,87,100,2.01,NC,2021-01-16 14:48:42
294,Fredericksburg,38.3032,-77.4605,39.2,93,40,4.61,US,2021-01-16 14:44:48
295,Huarmey,-10.0681,-78.1522,74.66,71,67,7.99,PE,2021-01-16 14:48:42
296,Leningradskiy,69.3833,178.4167,-19.25,87,100,1.92,RU,2021-01-16 14:48:43
297,Marsh Harbour,26.5412,-77.0636,69.55,76,98,22.64,BS,2021-01-16 14:44:56
298,Carlos Chagas,-17.7031,-40.7664,80.85,74,99,8.7,BR,2021-01-16 14:48:43
299,Tautira,-17.7333,-149.15,78.8,73,75,2.3,PF,2021-01-16 14:48:43
300,Chokurdakh,70.6333,147.9167,-12.01,88,100,14.07,RU,2021-01-16 14:48:43
301,Sisimiut,66.9395,-53.6735,14.34,82,0,14.47,GL,2021-01-16 14:48:43
302,Trinidad,-14.8333,-64.9,80.6,89,90,13.8,BO,2021-01-16 14:48:43
303,Port Shepstone,-30.7414,30.455,74.89,69,61,19.48,ZA,2021-01-16 14:47:19
304,Alice Springs,-23.7,133.8833,69.8,52,58,9.22,AU,2021-01-16 14:48:44
305,Codrington,-38.2667,141.9667,56.01,72,98,9.98,AU,2021-01-16 14:48:44
306,Curvelo,-18.7564,-44.4308,78.22,70,100,4.92,BR,2021-01-16 14:48:44
307,Bowen,-20.0167,148.2333,73.4,94,100,4.61,AU,2021-01-16 14:48:44
308,Maneadero,31.7167,-116.5667,59.65,30,0,3.22,MX,2021-01-16 14:48:44
309,Teknaf,20.8624,92.3058,65.17,62,2,6.87,BD,2021-01-16 14:48:44
310,Valley City,46.9233,-98.0032,19.4,100,90,11.5,US,2021-01-16 14:48:44
311,Bryan,30.6744,-96.37,41.0,48,1,5.75,US,2021-01-16 14:46:28
312,Gore,-46.1028,168.9436,63.0,88,100,4.0,NZ,2021-01-16 14:48:45
313,Pisco,-13.7,-76.2167,73.0,78,0,4.61,PE,2021-01-16 14:48:45
314,Tocopilla,-22.092,-70.1979,71.24,50,29,4.16,CL,2021-01-16 14:48:45
315,Hit,33.6416,42.8251,58.82,47,0,3.4,IQ,2021-01-16 14:48:45
316,Yatsushiro,32.5,130.6,42.01,75,96,4.0,JP,2021-01-16 14:48:45
317,Ossora,59.2353,163.0719,-17.99,80,1,4.83,RU,2021-01-16 14:48:45
318,Calbuco,-41.768,-73.1273,57.2,82,75,4.61,CL,2021-01-16 14:48:45
319,Vikhorevka,56.1201,101.1636,-9.4,77,100,2.24,RU,2021-01-16 14:48:46
320,Abu Dhabi,24.4667,54.3667,69.8,64,0,3.44,AE,2021-01-16 14:48:46
321,Valday,57.9747,33.2525,0.43,92,100,7.16,RU,2021-01-16 14:48:46
322,Pantelho,16.9333,-92.55,69.8,73,75,6.91,MX,2021-01-16 14:48:46
323,Jiblah,13.9216,44.1467,61.3,56,3,3.04,YE,2021-01-16 14:48:46
324,Juba,4.8517,31.5825,96.21,13,49,7.65,SS,2021-01-16 14:48:46
325,Abu Kamal,34.4506,40.9171,62.47,38,98,9.8,SY,2021-01-16 14:48:47
326,Gull Lake,50.1001,-108.4847,26.6,74,40,19.57,CA,2021-01-16 14:45:08
327,Ustka,54.5805,16.8619,32.67,96,100,15.97,PL,2021-01-16 14:48:47
328,Dwarka,22.2394,68.9678,70.36,50,0,11.79,IN,2021-01-16 14:48:47
329,Brigantine,39.4101,-74.3646,46.99,93,90,9.22,US,2021-01-16 14:45:05
330,Kasama,-10.2129,31.1808,72.93,81,13,3.53,ZM,2021-01-16 14:48:47
331,Marawi,7.9986,124.2928,75.0,94,100,1.99,PH,2021-01-16 14:48:47
332,Sao Filipe,14.8961,-24.4956,73.65,68,61,10.27,CV,2021-01-16 14:48:47
333,Kondinskoye,59.6481,67.41,10.26,96,100,7.34,RU,2021-01-16 14:48:48
334,Jiwani,25.05,61.7417,71.1,59,0,10.22,PK,2021-01-16 14:48:48
335,Mumbwa,-14.9783,27.0619,74.77,75,71,5.95,ZM,2021-01-16 14:48:48
336,Khani,41.9563,42.9566,46.4,76,90,25.32,GE,2021-01-16 14:48:48
337,Port Blair,11.6667,92.75,77.99,76,78,9.22,IN,2021-01-16 14:48:48
338,San Cristobal,7.7669,-72.225,78.8,78,40,3.44,VE,2021-01-16 14:48:48
339,Kinablangan,7.6947,126.5503,78.01,84,100,4.32,PH,2021-01-16 14:48:48
340,Montanha,-18.1269,-40.3633,80.56,70,85,13.91,BR,2021-01-16 14:48:49
341,La Ronge,55.1001,-105.2842,26.6,80,37,5.75,CA,2021-01-16 14:48:49
342,Hofn,64.2539,-15.2082,40.32,79,100,28.19,IS,2021-01-16 14:48:49
343,Salalah,17.0151,54.0924,77.0,61,0,5.75,OM,2021-01-16 14:48:49
344,Jasper,37.2001,-94.3502,30.2,80,75,9.22,US,2021-01-16 14:45:08
345,Chara,56.9064,118.2631,-21.53,80,100,2.53,RU,2021-01-16 14:48:49
346,Manica,49.0,-1.1667,44.6,100,90,14.97,FR,2021-01-16 14:48:49
347,Komsomolskiy,40.4272,71.7189,39.2,65,0,4.61,UZ,2021-01-16 14:48:50
348,Port Lincoln,-34.7333,135.8667,61.14,74,89,9.4,AU,2021-01-16 14:48:50
349,Bogorodskoye,56.55,37.8833,0.3,93,100,12.1,RU,2021-01-16 14:48:50
350,Anloga,5.7947,0.8973,89.6,62,20,16.11,GH,2021-01-16 14:48:50
351,Port Hardy,50.6996,-127.4199,44.6,87,90,16.11,CA,2021-01-16 14:48:50
352,Puro,12.4841,123.3827,77.65,85,100,12.91,PH,2021-01-16 14:48:50
353,Onega,63.9061,38.1404,-3.64,92,89,1.86,RU,2021-01-16 14:48:50
354,Barbacoas,1.6715,-78.1398,75.06,90,100,0.25,CO,2021-01-16 14:48:51
355,Challans,46.8436,-1.8749,50.0,100,90,12.66,FR,2021-01-16 14:48:51
356,Omachi,36.5,137.8667,32.0,87,89,5.01,JP,2021-01-16 14:48:51
357,Harper,4.375,-7.7169,83.21,69,36,5.55,LR,2021-01-16 14:48:51
358,Baruun-Urt,46.6806,113.2792,-4.2,84,100,15.88,MN,2021-01-16 14:48:51
359,Sira,13.7453,76.9092,76.86,43,78,11.1,IN,2021-01-16 14:48:51
360,Karema,-6.8205,30.4389,76.26,68,18,4.03,TZ,2021-01-16 14:48:52
361,Kahului,20.8947,-156.47,73.0,72,1,6.91,US,2021-01-16 14:48:52
362,Namibe,-15.1961,12.1522,84.2,45,0,12.66,AO,2021-01-16 14:48:52
363,Parabel,58.6978,81.4825,1.81,93,89,6.15,RU,2021-01-16 14:48:52
364,Victoria,22.2855,114.1577,62.01,77,99,1.99,HK,2021-01-16 14:44:39
365,Zyryanka,65.75,150.85,-28.1,85,100,5.26,RU,2021-01-16 14:48:52
366,Fort Nelson,58.8053,-122.7002,1.4,85,1,5.75,CA,2021-01-16 14:48:52
367,Taldan,53.6667,124.8,-18.36,89,100,1.63,RU,2021-01-16 14:48:53
368,Grand Junction,39.0639,-108.5507,27.0,63,90,3.44,US,2021-01-16 14:48:53
369,Harer,9.3094,42.1258,67.73,29,79,13.91,ET,2021-01-16 14:48:53
370,Plaster Rock,46.9065,-67.39,26.01,74,90,3.44,CA,2021-01-16 14:48:53
371,Ulaangom,49.9811,92.0667,-16.71,87,96,1.39,MN,2021-01-16 14:48:53
372,Lavrentiya,65.5833,-171.0,-5.24,86,100,7.36,RU,2021-01-16 14:48:53
373,High Level,58.5169,-117.136,26.6,86,90,10.36,CA,2021-01-16 14:48:53
374,Saint-Augustin,51.226,-58.6502,23.56,89,8,1.19,CA,2021-01-16 14:48:54
375,Broome,42.2506,-75.833,34.0,100,100,1.99,US,2021-01-16 14:48:54
376,Padang,-0.9492,100.3543,78.8,89,40,1.14,ID,2021-01-16 14:48:54
377,Horta,38.5333,-28.6333,60.8,82,40,8.05,PT,2021-01-16 14:48:54
378,Erenhot,43.6475,111.9767,-0.83,85,63,12.24,CN,2021-01-16 14:48:54
379,Ayan,56.45,138.1667,-16.31,78,0,6.4,RU,2021-01-16 14:48:55
380,Compostela,7.6731,126.0889,74.91,87,100,2.37,PH,2021-01-16 14:48:55
381,Dongsheng,39.8161,109.9776,8.71,74,0,16.78,CN,2021-01-16 14:48:55
382,Pitimbu,-7.4706,-34.8086,86.0,58,75,13.8,BR,2021-01-16 14:48:55
383,Pechora,65.1472,57.2244,-13.27,89,0,8.34,RU,2021-01-16 14:48:55
384,Santa Fe,-31.6333,-60.7,82.44,58,35,6.4,AR,2021-01-16 14:47:04
385,Kokkola,63.8385,23.1307,26.6,93,75,4.61,FI,2021-01-16 14:45:38
386,Narsaq,60.9167,-46.05,23.0,74,75,5.75,GL,2021-01-16 14:48:55
387,Sicamous,50.8331,-118.9856,27.0,93,96,1.14,CA,2021-01-16 14:48:55
388,Jacareacanga,-6.2222,-57.7528,83.73,81,45,2.33,BR,2021-01-16 14:48:56
389,Kyaikkami,16.08,97.5675,75.78,65,0,2.75,MM,2021-01-16 14:48:56
390,Ocampo,21.65,-101.5,50.4,47,69,2.53,MX,2021-01-16 14:48:56
391,Hervey Bay,-25.2986,152.8535,75.99,90,18,4.63,AU,2021-01-16 14:48:56
392,Dera Bugti,29.0307,69.151,60.26,29,0,2.24,PK,2021-01-16 14:44:07
393,Pueblo Nuevo,23.3833,-105.3833,49.87,45,54,6.71,MX,2021-01-16 14:48:56
394,San Rafael Del Sur,11.8485,-86.4384,75.2,83,75,6.91,NI,2021-01-16 14:48:56
395,May Pen,17.9645,-77.2451,86.0,69,20,4.61,JM,2021-01-16 14:48:57
396,Guantanamo,20.1444,-75.2092,71.6,88,75,8.05,CU,2021-01-16 14:48:57
397,Yeghegnut,40.0919,44.1602,44.6,53,40,1.14,AM,2021-01-16 14:48:57
398,Moron,-34.6534,-58.6198,88.0,51,6,1.99,AR,2021-01-16 14:47:52
399,Nedumangad,8.6,77.0,84.2,70,40,3.44,IN,2021-01-16 14:48:57
400,Nauta,-4.5061,-73.5757,81.57,90,49,1.45,PE,2021-01-16 14:48:57
401,Tototlan,20.55,-102.8,44.6,57,75,1.63,MX,2021-01-16 14:48:57
402,Giurgeni,44.7667,27.8833,27.0,86,90,14.97,RO,2021-01-16 14:48:58
403,Atascocita,29.9988,-95.1766,44.01,51,0,6.98,US,2021-01-16 14:48:58
404,Miraflores,19.2167,-98.8083,55.99,53,75,1.07,MX,2021-01-16 14:48:58
405,Faya,18.3851,42.4509,66.2,55,0,10.36,SA,2021-01-16 14:48:58
406,Sokoni,-6.4333,39.55,89.6,58,20,11.5,TZ,2021-01-16 14:48:58
407,Todos Santos,23.45,-110.2167,64.0,26,40,10.36,MX,2021-01-16 14:48:58
408,Morondava,-20.2833,44.2833,85.69,69,83,6.67,MG,2021-01-16 14:48:59
409,Donskoye,45.4552,41.9741,28.4,93,75,1.88,RU,2021-01-16 14:48:59
410,Tome,-36.6167,-72.95,66.2,48,0,16.11,CL,2021-01-16 14:48:59
411,Ibague,4.4389,-75.2322,71.6,78,40,5.48,CO,2021-01-16 14:48:59
412,Bathsheba,13.2167,-59.5167,84.2,58,20,23.02,BB,2021-01-16 14:48:59
413,Alta,69.9689,23.2717,30.2,93,90,3.44,NO,2021-01-16 14:48:59
414,Bafoulabe,13.8065,-10.8321,96.51,8,91,9.04,ML,2021-01-16 14:48:59
415,Ostrovnoy,68.0531,39.5131,19.38,96,100,14.85,RU,2021-01-16 14:48:59
416,Praia Da Vitoria,38.7333,-27.0667,62.6,77,20,10.11,PT,2021-01-16 14:49:00
417,Karasjok,69.4719,25.5112,32.0,86,75,4.61,NO,2021-01-16 14:49:00
418,Geraldton,-28.7667,114.6,93.2,27,100,18.41,AU,2021-01-16 14:49:00
419,Sao Joao Da Barra,-21.6403,-41.0511,86.0,54,40,13.8,BR,2021-01-16 14:49:00
420,Yeppoon,-23.1333,150.7333,77.0,78,100,4.61,AU,2021-01-16 14:46:44
421,Las Palmas,28.4204,-14.0131,68.0,56,20,18.41,ES,2021-01-16 14:49:00
422,Fortuna,40.5982,-124.1573,48.0,100,90,3.11,US,2021-01-16 14:49:01
423,Lompoc,34.6391,-120.4579,64.4,87,28,8.9,US,2021-01-16 14:49:01
424,Champerico,14.3,-91.9167,71.6,88,0,2.66,GT,2021-01-16 14:49:01
425,Hamilton,39.1834,-84.5333,32.0,93,90,3.44,US,2021-01-16 14:46:39
426,Tiksi,71.6872,128.8694,-8.79,91,100,13.71,RU,2021-01-16 14:49:01
427,Kaohsiung,22.6163,120.3133,64.4,77,40,5.75,TW,2021-01-16 14:45:49
428,Shache,38.4167,77.2406,20.84,82,0,2.93,CN,2021-01-16 14:49:01
429,Piacabucu,-10.4056,-36.4344,85.62,55,69,12.15,BR,2021-01-16 14:49:02
430,Deputatskiy,69.3,139.9,-22.29,89,100,2.01,RU,2021-01-16 14:49:02
431,Esso,55.9333,158.7,4.23,88,100,5.14,RU,2021-01-16 14:49:02
432,Laguna,38.421,-121.4238,46.0,87,1,4.54,US,2021-01-16 14:49:02
433,Puerto Del Rosario,28.5004,-13.8627,68.0,56,20,18.41,ES,2021-01-16 14:49:02
434,Vanimo,-2.6741,141.3028,79.25,85,98,4.34,PG,2021-01-16 14:49:03
435,Ajdabiya,30.7554,20.2263,61.14,61,22,19.98,LY,2021-01-16 14:49:03
436,Batticaloa,7.7102,81.6924,78.66,81,33,4.09,LK,2021-01-16 14:49:03
437,Poronaysk,49.2167,143.1167,-5.21,87,59,8.59,RU,2021-01-16 14:49:03
438,Saint George,37.1041,-113.5841,37.4,38,1,4.61,US,2021-01-16 14:49:03
439,Pacific Grove,36.6177,-121.9166,57.0,66,1,4.61,US,2021-01-16 14:49:03
440,Fare,-16.7,-151.0167,80.89,76,0,11.18,PF,2021-01-16 14:49:03
441,Arman,59.7,150.1667,-15.52,78,80,8.84,RU,2021-01-16 14:49:04
442,Port Said,31.2565,32.2841,66.2,52,40,13.8,EG,2021-01-16 14:49:04
443,Lagos,6.5833,3.75,91.45,43,22,8.19,NG,2021-01-16 14:49:04
444,Katangli,51.7102,143.2326,-18.81,85,0,7.09,RU,2021-01-16 14:49:04
445,Tymovskoye,50.8456,142.655,-16.01,84,0,3.98,RU,2021-01-16 14:49:04
446,Otradnoye,59.7775,30.8181,7.0,85,75,6.71,RU,2021-01-16 14:49:04
447,Sistranda,63.7256,8.834,28.4,74,20,18.41,NO,2021-01-16 14:49:04
448,Jiazi,22.8779,116.067,57.9,77,1,24.02,CN,2021-01-16 14:49:05
449,Walvis Bay,-22.9575,14.5053,78.8,53,8,14.97,NA,2021-01-16 14:49:05
450,Dunedin,-45.8742,170.5036,63.0,90,97,3.0,NZ,2021-01-16 14:49:05
451,Saint-Pierre,-21.3393,55.4781,84.2,79,20,14.97,RE,2021-01-16 14:49:05
452,Marrakesh,31.6315,-8.0083,64.4,32,0,5.75,MA,2021-01-16 14:48:40
453,Kaeo,-35.1,173.7833,57.99,92,3,2.57,NZ,2021-01-16 14:49:05
454,Umm Kaddadah,13.6017,26.6876,82.49,12,30,11.05,SD,2021-01-16 14:49:05
455,Gazojak,41.1875,61.4036,42.96,64,0,9.48,TM,2021-01-16 14:49:05
456,Arlit,18.7369,7.3853,86.94,11,98,8.52,NE,2021-01-16 14:49:05
457,Bay Roberts,47.5999,-53.2648,33.01,85,100,8.99,CA,2021-01-16 14:49:06
458,Makakilo City,21.3469,-158.0858,69.8,83,1,4.61,US,2021-01-16 14:49:06
459,Kampene,-3.6,26.6667,81.12,58,34,1.9,CD,2021-01-16 14:49:06
460,Cuamba,-14.8031,36.5372,80.02,87,100,1.83,MZ,2021-01-16 14:49:06
461,Turochak,52.2576,87.1224,11.95,91,92,2.89,RU,2021-01-16 14:49:06
462,Vagur,61.4732,-6.8119,45.52,88,74,19.39,FO,2021-01-16 14:49:07
463,Kirakira,-10.4544,161.9205,79.21,80,99,1.32,SB,2021-01-16 14:49:07
464,Marseille,43.3333,5.5,48.99,56,0,14.97,FR,2021-01-16 14:49:07
465,Shakawe,-18.3667,21.85,81.19,64,81,5.91,BW,2021-01-16 14:49:07
466,Kudahuvadhoo,2.6708,72.8944,81.82,71,43,8.95,MV,2021-01-16 14:49:07
467,Hasaki,35.7333,140.8333,44.6,57,75,13.8,JP,2021-01-16 14:49:07
468,Tacoronte,28.4769,-16.4102,64.99,77,75,11.5,ES,2021-01-16 14:49:07
469,Nabire,-3.3667,135.4833,78.13,88,100,2.77,ID,2021-01-16 14:49:07
470,Guane,22.2025,-84.0875,72.73,63,76,11.18,CU,2021-01-16 14:49:08
471,Merauke,-8.4667,140.3333,79.97,86,100,8.08,ID,2021-01-16 14:49:08
472,Inhambane,-23.865,35.3833,78.8,100,75,2.3,MZ,2021-01-16 14:49:08
473,Ahar,38.4774,47.0699,34.95,84,95,5.93,IR,2021-01-16 14:49:08
474,Punto Fijo,11.6956,-70.1996,81.07,65,97,16.55,VE,2021-01-16 14:49:08
475,Lampa,-33.2833,-70.9,78.01,43,0,2.3,CL,2021-01-16 14:49:08
476,Soyo,-6.1349,12.3689,86.0,70,75,8.05,AO,2021-01-16 14:49:08
477,Clarence Town,-32.5833,151.7833,57.99,94,0,2.57,AU,2021-01-16 14:49:09
478,Basoko,1.2391,23.616,80.82,63,98,4.59,CD,2021-01-16 14:49:09
479,Duiwelskloof,-23.6934,30.14,83.91,55,97,5.93,ZA,2021-01-16 14:49:09
480,Wasseiges,50.6237,5.0062,34.0,93,90,11.5,BE,2021-01-16 14:49:09
481,Rawson,-43.3002,-65.1023,62.56,48,91,25.12,AR,2021-01-16 14:49:09
482,Chiredzi,-21.05,31.6667,87.84,55,81,2.84,ZW,2021-01-16 14:49:09
483,Gayny,60.3071,54.3241,5.32,94,100,8.57,RU,2021-01-16 14:49:09
484,Orapa,-21.2833,25.3667,88.84,40,86,7.29,BW,2021-01-16 14:49:09
485,Jalu,29.0331,21.5482,64.69,29,0,15.12,LY,2021-01-16 14:49:10
486,Bulgan,48.8125,103.5347,-2.56,77,39,4.65,MN,2021-01-16 14:49:10
487,Kalengwa,-13.4659,25.0027,76.42,68,0,5.97,ZM,2021-01-16 14:49:10
488,Hay River,60.8156,-115.7999,12.2,85,100,3.44,CA,2021-01-16 14:45:07
489,Sapa,5.1544,120.3241,80.26,81,100,6.58,PH,2021-01-16 14:49:10
490,San Alberto,7.7611,-73.3922,84.22,50,85,4.34,CO,2021-01-16 14:49:10
491,Diffa,13.3154,12.6113,89.04,12,86,5.61,NE,2021-01-16 14:49:10
492,Ferme-Neuve,46.7001,-75.4493,32.0,100,100,3.44,CA,2021-01-16 14:49:10
493,Trincomalee,8.5711,81.2335,79.45,81,68,9.08,LK,2021-01-16 14:47:19
494,Taoudenni,22.6783,-3.9836,74.73,16,28,16.6,ML,2021-01-16 14:49:11
495,Voskresenskoye,56.8381,45.4317,8.53,96,100,5.61,RU,2021-01-16 14:49:11
496,North Myrtle Beach,33.816,-78.68,46.99,70,1,10.36,US,2021-01-16 14:47:56
497,Catuday,16.2923,119.8062,78.06,82,15,7.58,PH,2021-01-16 14:49:11
498,Mount Gambier,-37.8333,140.7667,50.0,93,59,5.75,AU,2021-01-16 14:49:11
499,Suluq,31.6682,20.2521,60.03,59,34,21.34,LY,2021-01-16 14:49:11
500,Anadyr,64.75,177.4833,-2.0,84,40,6.71,RU,2021-01-16 14:49:11
501,Santa Isabel Do Rio Negro,-0.4139,-65.0192,87.8,58,17,5.19,BR,2021-01-16 14:49:12
502,Tahe,52.3333,124.7333,-16.69,88,99,0.27,CN,2021-01-16 14:49:12
503,Mandurah,-32.55,115.7,82.0,18,0,14.97,AU,2021-01-16 14:49:12
504,Valle De Angeles,14.15,-87.0333,64.4,88,75,6.91,HN,2021-01-16 14:49:12
505,Salisbury,51.0693,-1.7957,48.99,76,75,17.27,GB,2021-01-16 14:49:12
506,Haines Junction,60.7522,-137.5108,17.6,86,65,1.14,CA,2021-01-16 14:49:12
507,Cervo,43.6702,-7.4101,55.71,67,74,4.18,ES,2021-01-16 14:49:12
508,Bela Vista De Goias,-16.9728,-48.9533,69.8,94,90,4.61,BR,2021-01-16 14:49:13
509,Aklavik,68.2191,-135.0107,-16.6,83,1,2.3,CA,2021-01-16 14:49:13
510,Raga,8.4596,25.678,91.81,13,45,5.77,SS,2021-01-16 14:49:13
511,Qasigiannguit,68.8193,-51.1922,12.2,52,20,10.36,GL,2021-01-16 14:49:13
512,Bambanglipuro,-7.95,110.2833,77.18,86,100,5.23,ID,2021-01-16 14:49:01
513,Gillette,44.2911,-105.5022,32.0,74,75,14.97,US,2021-01-16 14:49:13
514,Kargil,34.5667,76.1,1.83,69,0,1.81,IN,2021-01-16 14:49:13
515,Selma,36.5708,-119.6121,44.6,100,1,3.44,US,2021-01-16 14:49:14
516,Balclutha,-46.2339,169.75,55.85,92,100,2.21,NZ,2021-01-16 14:49:14
517,Posse,-14.0931,-46.3694,78.93,74,100,2.73,BR,2021-01-16 14:49:14
518,Whitehorse,60.7161,-135.0538,24.8,86,1,13.8,CA,2021-01-16 14:49:14
519,Ekhabi,53.5102,142.9671,-18.51,88,53,10.0,RU,2021-01-16 14:49:14
520,Varhaug,58.6147,5.6457,32.0,69,75,16.11,NO,2021-01-16 14:49:14
521,Maxixe,-23.8597,35.3472,78.8,100,75,2.3,MZ,2021-01-16 14:49:14
522,Venado Tuerto,-33.7456,-61.9688,82.4,48,100,8.5,AR,2021-01-16 14:49:14
523,Yar-Sale,66.8333,70.8333,-1.98,93,98,4.97,RU,2021-01-16 14:49:15
524,Bam,29.106,58.357,56.44,27,0,3.65,IR,2021-01-16 14:49:15
525,Hopkinsville,36.8656,-87.4886,33.8,93,90,9.22,US,2021-01-16 14:49:15
526,Tura,25.5198,90.2201,57.56,53,18,3.11,IN,2021-01-16 14:49:15
527,Freeport,40.6576,-73.5832,44.01,93,90,6.91,US,2021-01-16 14:45:40
528,Xuddur,4.1213,43.8894,87.22,26,51,11.01,SO,2021-01-16 14:49:15
529,Isla Aguada,18.7833,-91.4667,73.4,78,90,13.8,MX,2021-01-16 14:49:15
530,Porkhov,57.765,29.5561,-0.4,71,0,4.47,RU,2021-01-16 14:49:15
531,Sarab,38.6066,44.9883,40.41,68,100,4.79,IR,2021-01-16 14:49:16
532,That Phanom,16.9364,104.7104,67.21,72,1,11.3,TH,2021-01-16 14:49:16
533,Nouadhibou,20.931,-17.0347,75.2,22,100,17.27,MR,2021-01-16 14:49:16
534,Fort Frances,48.5999,-93.4003,21.2,93,90,10.36,CA,2021-01-16 14:49:16
535,Okhotsk,59.3833,143.3,-15.25,86,92,8.72,RU,2021-01-16 14:49:16
536,Shingu,33.7333,135.9833,45.41,70,100,6.38,JP,2021-01-16 14:49:16
537,Abu Samrah,35.3029,37.1841,54.43,67,53,13.24,SY,2021-01-16 14:49:16
538,Burnie,-41.0667,145.9167,48.99,71,72,3.0,AU,2021-01-16 14:49:16
539,Malim,7.452,123.4312,78.76,81,100,7.94,PH,2021-01-16 14:49:16
540,Oranjemund,-28.55,16.4333,69.55,66,0,15.99,NA,2021-01-16 14:49:17
541,Ambilobe,-13.2,49.05,79.99,86,100,1.52,MG,2021-01-16 14:49:17
542,Grand-Santi,4.25,-54.3833,82.2,74,56,5.48,GF,2021-01-16 14:49:17
543,Lorengau,-2.0226,147.2712,82.54,78,100,11.86,PG,2021-01-16 14:49:17
544,Severnoye,56.3491,78.3619,5.0,92,100,10.18,RU,2021-01-16 14:49:17
545,Port Hedland,-20.3167,118.5667,89.6,74,52,8.05,AU,2021-01-16 14:49:17
546,Wajima,37.4,136.9,37.71,77,99,17.11,JP,2021-01-16 14:49:17
547,Elko,41.0002,-115.5012,30.0,90,76,1.7,US,2021-01-16 14:45:08
548,Bedesa,8.9,40.7833,70.84,34,30,8.61,ET,2021-01-16 14:49:18
549,Ojiya,37.3,138.8,32.0,95,100,6.35,JP,2021-01-16 14:49:18
550,La Mina,15.3167,-87.8333,73.4,94,75,3.44,HN,2021-01-16 14:49:18
551,Maniitsoq,65.4167,-52.9,16.79,86,13,15.88,GL,2021-01-16 14:49:18
552,Rosarito,32.3333,-117.0333,60.01,14,1,9.22,MX,2021-01-16 14:49:18
553,Almeirim,-1.5233,-52.5817,89.89,45,95,6.26,BR,2021-01-16 14:49:18
554,Balabac,7.9868,117.0645,79.54,82,92,8.19,PH,2021-01-16 14:49:19
555,Flin Flon,54.7682,-101.865,10.4,92,75,8.05,CA,2021-01-16 14:45:07
556,Kathmandu,27.7167,85.3167,53.6,62,20,9.22,NP,2021-01-16 14:49:19
557,Klyuchi,52.2667,79.1667,10.08,87,64,18.3,RU,2021-01-16 14:49:19
558,Flinders,-34.5833,150.8552,64.0,72,0,1.01,AU,2021-01-16 14:49:19
559,Puerto Escondido,15.85,-97.0667,71.6,88,75,4.61,MX,2021-01-16 14:49:19
560,Gazli,40.1333,63.45,46.53,69,0,8.1,UZ,2021-01-16 14:49:19
561,Iralaya,15.0,-83.2333,79.7,78,20,7.23,HN,2021-01-16 14:49:19
562,Bubaque,11.2833,-15.8333,77.79,48,50,8.25,GW,2021-01-16 14:49:20
